запрос;приоритет;тип;приёмник;частота
винтовые сваи купить;high;коммерческий;/catalog/;40607
винтовые сваи цена;high;коммерческий;/prices/;23504
винтовые сваи пермь;high;коммерческий;/catalog/;1255
купить винтовые сваи в перми;high;коммерческий;/catalog/;
винтовые сваи в перми;high;коммерческий;/catalog/;
монтаж винтовых свай;high;коммерческий;/montage/;8333
монтаж винтовых свай цена;high;коммерческий;/montage/;2475
установка винтовых свай;high;коммерческий;/montage/;16357
винтовые сваи под ключ;high;коммерческий;/montage/;1678
фундамент на винтовых сваях;high;коммерческий;/;
фундамент из винтовых свай;high;коммерческий;/;
свайный фундамент цена;high;коммерческий;/;
фундамент на винтовых сваях цена;high;коммерческий;/;
забор на винтовых сваях;high;коммерческий;/;
винтовые столбы для забора;high;коммерческий;/;
баня на винтовых сваях;high;коммерческий;/;3164
дом на винтовых сваях;high;коммерческий;/;11506
навес на винтовых сваях;high;коммерческий;/;545
терраса на винтовых сваях;high;коммерческий;/;951
беседка на винтовых сваях;high;коммерческий;/;597
пристройка на винтовых сваях;high;коммерческий;/;969
гараж на винтовых сваях;high;коммерческий;/;1114
ангар на винтовых сваях;high;коммерческий;/;
бытовка на винтовых сваях;high;коммерческий;/;
винтовые сваи для торфяника;high;коммерческий;/;
винтовые сваи для слабых грунтов;high;коммерческий;/;
винтовые сваи на склоне;high;коммерческий;/;85
винтовые сваи ВСГ-57 купить;med;коммерческий;/catalog/;
винтовые сваи ВСГ-76 купить;med;коммерческий;/catalog/;
винтовые сваи ВСГ-89 купить;med;коммерческий;/catalog/;
винтовые сваи ВСГ-108 купить;med;коммерческий;/catalog/;
винтовые сваи с усиленной лопастью;med;коммерческий;/catalog/;
какие винтовые сваи выбрать;med;информационный;/articles/vidy/;
какой диаметр винтовых свай выбрать;med;информационный;/articles/vidy/;152
винтовые сваи или ленточный фундамент;med;информационный;/articles/stroitelstvo-fundamenta/;
что лучше винтовые сваи или ленточный фундамент;med;информационный;/articles/stroitelstvo-fundamenta/;65
винтовые или забивные сваи;med;информационный;/articles/tehnologiy/;
срок службы винтовых свай;med;информационный;/articles/preimushestva/;641
гарантия на винтовые сваи;med;информационный;/articles/preimushestva/;
как рассчитать количество винтовых свай;med;информационный;/articles/raschet/;121
установка винтовых свай зимой;med;информационный;/articles/zima/;
испытание винтовых свай;med;информационный;/articles/ispytaniy/;90
пробное вкручивание винтовых свай;med;информационный;/articles/probnoe/;
расстояние между винтовыми сваями;med;информационный;/articles/razmeshenie-svay/;1036
обвязка винтовых свай;med;информационный;/articles/rostverk/;3595
ростверк на винтовых сваях;med;информационный;/articles/rostverk/;
ошибки при установке винтовых свай;med;информационный;/articles/oshibki/;
сколько стоят винтовые сваи;med;информационный;/articles/stoimost-svay/;
винтовые сваи отзывы;med;информационный;/articles/otzyvy/;839
завод винтовых свай пермь;low;локальный;/;
изготовление винтовых свай пермь;low;локальный;/catalog/;
винтовые сваи пермский край;low;локальный;/catalog/;
фундамент на винтовых сваях пермь;low;локальный;/;
монтаж винтовых свай пермь;low;локальный;/montage/;
