запрос;частота
винтовые сваи;254771
свайный фундамент;63214
винтовые сваи купить;40607
винтовые сваи цена;23504
установка винтовых свай;16357
дом на винтовых сваях;11506
винтовые сваи под;10719
винтовые сваи своими руками;9664
сваи винтовые для фундамента;9474
монтаж винтовых свай;8333
свайное поле;7762
сколько винтовых свай;7037
сваекрут для винтовых свай;6408
винтовые сваи для забора;5673
винтовая свая 89;5061
оголовок винтовой сваи;4949
установка винтовых свай цена;4779
закручивание винтовых свай;4654
свайный фундамент для дома;4651
винтовая свая 108;4511
как закрутить винтовую сваю;4495
диаметр винтовых свай;4348
винтовые сваи 76;4327
винтовые сваи спб;4217
винтовые сваи поле;3901
длина винтовых свай;3727
каркасный дом на винтовых сваях;3693
обвязка винтовых свай;3595
сколько стоит винтовая свая;3393
лучшие винтовые сваи;3248
полы на винтовых сваях;3242
баня на винтовых сваях;3164
винтовые сваи для фундамента цена;3095
винтовая свая 57;2986
винтовая свая 5;2956
сваекрут для винтовых свай купить;2940
винтовые сваи вручную;2881
размеры винтовых свай;2817
винтовые сваи цена за штуку;2813
сваи м винтовые;2783
можно ли винтовые сваи;2705
винтовые сваи 3;2604
монтаж винтовых свай цена;2475
винтовые сваи под дом;2449
сп свайные фундаменты;2428
правильные винтовые сваи;2307
расстояние винтовых свай;2256
винтовые сваи купить в спб;2241
стоимость винтовой сваи;2199
свайный фундамент своими руками;2190
ворота на винтовых сваях;2186
винтовые сваи новосибирск;2109
винтовые сваи самому;2090
как сделать винтовую сваю;2086
как вкручивают винтовые сваи;2009
винтовые сваи шуруп;1961
винтовые сваи в области;1933
винтовые сваи купить цена;1920
сваи винтовые 6 6;1914
винтовые сваи 2500;1904
сваи винтовые 4;1874
завод винтовых свай;1811
винтовые сваи видео;1791
цоколь винтовых свай;1788
откатные ворота на винтовых сваях;1787
винтовые сваи для каркасных;1786
свая металлическая винтовая;1780
как установить винтовые сваи;1771
винтовые сваи нижний;1770
сваи винтовые 1;1748
винтовые сваи московская область;1748
винтовые сваи новгород;1725
купить сваи винтовые для фундамента;1697
расчет свайного фундамента;1694
винтовые сваи под ключ;1678
наконечник для винтовой сваи;1672
свайный фундамент это;1589
винтовые сваи ярославль;1568
свая винтовая 2000;1556
свайный фундамент для каркасного дома;1476
винтовые сваи сколько нужно;1460
какие винтовые сваи лучше;1410
как закрутить винтовую сваю своими руками;1391
как закрутить винтовую сваю вручную;1379
дом на винтовых сваях полы;1373
расчет винтовых свай;1338
винтовые сваи под фундамент;1325
установка свайного фундамента;1292
купить сваю винтовую 89;1285
винтовые сваи екатеринбург;1279
купить сваю винтовую 76;1269
глубина винтовых свай;1267
винтовые сваи какое расстояние;1256
винтовые сваи пермь;1255
цоколь дома на винтовых сваях;1237
винтовые сваи грунт;1237
редуктор для винтовых свай;1224
винтовые сваи авито;1220
винтовые сваи цена московская область;1206
устройство винтовых свай;1196
винтовые сваи нижний новгород;1196
винтовая свая 76 мм;1186
бетонные винтовые сваи;1186
винтовые сваи красноярск;1182
установка винтовых свай своими руками;1179
винтовые сваи работы;1174
сваи винтовые 89х2000;1156
каркасный пол на винтовых сваях;1149
винтовые сваи фото;1138
винтовые сваи 89 мм;1138
вкручивание винтовых свай;1125
винтовые сваи ручная;1119
гараж на винтовых сваях;1114
литая винтовая свая;1113
винтовая свая чертеж;1076
винтовые сваи москва;1071
сваи винтовые для фундамента установка;1068
толщина винтовых свай;1043
расстояние между винтовыми сваями;1036
винтовые сваи хабаровск;1022
винтовые сваи 2 метра;1016
дрель для винтовых свай;1012
свая винтовая 2 м;1009
аренда винтовые сваи;1007
фундамент винтовых сваях дома;1003
пол в бане на винтовых сваях;994
винтовые сваи для забора купить;993
винтовые сваи тюмень;986
для каких домов винтовые сваи;984
винтовые сваи томск;976
производители винтовых свай;972
пристройка на винтовых сваях;969
винтовые сваи цена спб;960
как самому закрутить винтовую сваю;952
терраса на винтовых сваях;951
свая винтовая 1500;944
сваи винтовые установка московская область;937
винтовые сваи вологда;937
закрутка винтовых свай;936
винтовые сваи какие выбрать;925
строительство винтовые сваи;907
купить сваю винтовую 57;905
стальные винтовые сваи;901
свая винтовая свс;891
свая винтовая 3000;890
винтовые сваи самостоятельно;888
изготовление винтовых свай;888
деревянные винтовые сваи;883
нагрузка на винтовую сваю;879
свайно ригельный фундамент;875
купить винтовые сваи 108;873
какая глубина винтовых свай;871
винтовые сваи купить новосибирск;871
винтовые сваи под ключ цена;869
винтовая свая 57 мм;864
винтовая свая 3 метра;862
пол в каркасном доме на винтовых сваях;858
свая винтовая 108х2500;853
вес винтовой сваи;846
винтовая свая свл;846
винтовые сваи отзывы;839
винтовые сваи челябинск;829
свая винтовая 5 м;825
винтовая свая инструкция;819
сваекрут электрический для винтовых свай;816
оцинкованные винтовые сваи;814
установка свай винтовых цена московская область;797
лопасти для винтовых свай;790
пристройка к дому на винтовых сваях;789
винтовые сваи минусы;788
винтовые сваи леруа;787
сваекрут для винтовых свай аренда;774
винтовые сваи пошаговая инструкция;771
винтовые сваи ижевск;763
винтовые сваи 1 5;752
винтовая свая стенка;750
винтовые сваи где;749
винтовые сваи под забор;749
плюсы винтовых свай;745
винтовые сваи киров;739
винтовые сваи для забора цена;738
сваи для фундамента винтовые цена за штуку;738
винтовые сваи под баню;736
винтовые сваи под каркасный;732
производство винтовых свай;732
винтовая свая 108 цена;732
винтовые сваи срок;730
редуктор для закручивания винтовых свай;729
сваекрут для винтовых свай своими руками;728
купить сваи винтовые 2;728
типы винтовых свай;724
винтовые сваи длина диаметр;724
сваекрут для винтовых свай купить электрический;715
свайно винтовые сваи;715
шаг винтовых свай;709
дом на винтовых сваях своими руками;704
какие бывают винтовые сваи;702
обвязка свайного фундамента для каркасного дома;699
мини винтовые сваи;698
стоимость установки винтовой сваи;698
винтовые сваи плюсы и минусы;694
веранда на винтовых сваях;688
винтовые сваи в земле;685
винтовые сваи 5 метров;678
столб на винтовой свае;677
сколько стоит свая цены винтовые;668
винтовые сваи рязань;666
сколько стоит свайный фундамент;665
калькулятор винтовых свай;661
винтовые сваи длиной 2 м;661
винтовая свая для бруса;658
сваи винтовые 150;654
поставить винтовые сваи;654
несущая способность винтовой сваи;652
винтовые сваи ленинградская область;647
винтовая свая своими руками пошаговая инструкция;644
срок службы винтовых свай;641
винтовые сваи 8;640
свая винтовая 89 2500;638
сваи винтовые цена с установкой московская;638
винтовые сваи в омске;630
винтовые сваи иркутск;627
высота винтовых свай;626
винтовые сваи 1 м;625
для закручивания винтовых свай купить;625
винтовые сваи купить в новгороде;621
как вкрутить винтовую сваю вручную;620
винтовые сваи под брус;619
приспособление для винтовых свай;615
свая винтовая 89х2000 цена;615
свая винтовая 133;611
винтовые сваи дешево;605
как закрутить сваю своими руками винтовую вручную;605
винтовые сваи в туле;602
крепление винтовых свай;599
беседка на винтовых сваях;597
винтовые сваи великий;593
купить винтовые сваи в ярославле;585
какие винтовые сваи для каркасного дома;582
винтовые сваи 108 мм;580
наконечники для винтовых свай купить;576
винтовые сваи под каркасный дом;574
винтовые сваи 2.5;572
железобетонно винтовые сваи;572
винтовые сваи 2 5;565
винтовые сваи расценки;563
как вкрутить винтовые сваи самостоятельно;562
винтовые сваи сколько метров;561
винтовые сваи в новосибирске цена;560
инструмент для винтовых свай;559
винтовые сваи толщина стенки;558
сваи винтовые 89 2000;558
винтовая свая 76мм;557
мотобур для винтовых свай;555
винтовые сваи схема;555
купить винтовые сваи от производителя;554
винтовые сваи уфа;551
купить винтовые сваи 76 мм;548
винтовые сваи купить в москве;545
навес на винтовых сваях;545
проект винтовых свай;542
винтовые сваи в твери;539
винтовые сваи 4 метра;538
свая винтовая 108х2500 цена;536
свая винтовая 76х2000;536
винтовые сваи опора;532
сваи винтовые 1 5 м;527
литой наконечник для винтовой сваи;523
винтовые сваи для фундамента московской области;523
купить винтовые сваи в хабаровске;523
винтовые сваи 2500 купить;518
винтовые сваи архангельск;516
где купить винтовые сваи;510
диаметр лопасти винтовой сваи;510
винтовые сваи казань;507
как установить винтовые сваи своими руками;506
какой длины винтовые сваи;505
винтовые сваи пристрой;502
обвязка бруса на винтовые сваи;501
каркас на винтовых сваях;501
винтовые сваи смета;500
купить винтовые сваи цена за штуку;500
чем закрыть винтовые сваи;498
винтовая свая 159;494
дом из бруса на винтовых сваях;492
винтовые сваи 5 мм;491
утепление винтовых свай;490
винтовые сваи новокузнецк;488
винтовая свая купить в нижнем;487
монтаж винтовых свай своими руками;485
винтовые сваи технология;484
подняло винтовую сваю;483
закручивание винтовых свай своими руками;479
винтовые сваи 89мм;478
винтовые сваи великий новгород;477
количество винтовых свай;476
обвязка винтовых свай доской;470
трубы для винтовых свай;467
сваи ленинградская область цена винтовые;467
винтовые сваи для фундамента монтаж;464
винтовые сваи чебоксары;464
ручной сваекрут для винтовых свай;460
ворота на винтовых сваях своими руками;459
винтовые сваи череповец;458
какие размеры винтовых свай;457
какие есть винтовые сваи;457
залив бетон винтовые сваи;456
винтовые сваи воронеж;456
как утеплить винтовые сваи;456
винтовые сваи 57х1500;455
сваи винтовые 108 2500;454
строительство дома на винтовых сваях;454
как вкрутить винтовые сваи самостоятельно вручную;452
монтаж винтовых свай спб;452
винтовые сваи вологда купить;452
винтовые сваи для столбов забора;452
купить винтовые сваи 89 мм;450
какую нагрузку выдерживают винтовые сваи;449
винтовые сваи строй;448
винтовые сваи длиной 1 5 м;448
установка винтовых свай под ключ;447
свая винтовая 250;447
винтовые сваи в туле купить;445
винтовые сваи диаметр 76;444
винтовая свая 76 цена;444
подъем дома на винтовые сваи;443
винтовые сваи купить в екатеринбурге;443
винтовая свая под ворота;442
откатные ворота на винтовых сваях своими руками;442
купить сваи винтовые для фундамента цены;441
винтовые сваи купить с установкой;441
сколько стоит закрутить винтовую сваю;441
сваи винтовые забивные;440
продажа винтовых свай;438
переходник для винтовых свай;438
таблица винтовых свай;437
сколько стоит установка винтовых свай;436
винтовая свая 1 метр;435
свая винтовая петрович;435
лен свая винтовые сваи;432
купить винтовые сваи в нижнем новгороде;430
винтовые сваи калуга;428
винтовая свая 219;421
сваи винтовые цена с установкой ленинградской;420
винтовые сваи 200;419
винтовые сваи иваново;419
цена винтовой сваи 89;417
винтовые сваи с установкой ленинградская область;417
винтовые сваи для теплицы;416
винтовые сваи на озоне;416
винтовые сваи во владимире;415
винтовые сваи металл;414
винтовые сваи пенза;414
винтовые сваи город;409
дрель для закручивания винтовых свай;408
винтовая свая с фланцем;406
как сделать дом на винтовых сваях;405
винтовая свая геошуруп;404
свая винтовая 89х2500;403
сваи винтовые с установкой цена ленинградской области;403
установка ворот на винтовые сваи;402
винтовые сваи дом 6 на 6;400
завинчивание винтовых свай;399
9 свай винтовых;399
свая винтовая 2000 мм;397
винтовая свая диаметром 89;396
винтовая свая 50;396
машина для винтовых свай;395
свая винтовая 2500 цена;393
приспособление для закручивания винтовых свай;393
как делают винтовые сваи;393
винтовые сваи рыбинск;392
утеплить дом на винтовых сваях;391
фундамент сваи винтовые цена с установкой;387
винтовые сваи мерлен;386
винтовая свая 300;386
винтовые сваи для фундамента цена с монтажом;386
винтовая свая своими руками видео;385
участок винтовых свай;385
винтовая свая свсн;385
чем закрыть свайный фундамент;384
винтовые сваи купить в перми;384
винтовые сваи кемерово;383
сваи винтовые 100;383
винтовые сваи 57 мм купить;382
как рассчитать винтовые сваи;382
винтовые сваи используют для;381
винтовые сваи 2000 купить;381
винтовых сваях недорого;381
виды винтовых свай;380
авито винтовые сваи купить;378
винтовые сваи наро фоминск;377
какие винтовые сваи для забора;376
винтовая свая шуруп купить;373
винтовые сваи 76 2000;373
винтовые сваи леруа мерлен;371
купить винтовые сваи в красноярске;371
винтовые сваи купить дешево;370
свая винтовая лемана;368
замена винтовыми сваями;368
свая стойка винтовая;367
как закрутить сваи самому винтовые в землю;367
винтовые сваи барнаул;366
винтовые сваи 73;366
купить сваи винтовые 2 м;361
винтовые сваи каркасное строительство;360
цены домов на винтовых сваях;360
свая винтовая 108 3000;360
винтовые сваи купить на озоне;360
установка винтовых свай спб;357
сколько стоит винтовая свая для фундамента;354
сваи винтовые 2.5 метра;353
винтовая свая под контейнер;352
установка откатных ворот на винтовых сваях;352
винтовые сваи под откатные ворота;351
винтовые сваи для стоящего дома;351
многовитковые винтовые сваи;350
винтовые сваи сыктывкар;348
свая винтовая вимос;347
пристрой на винтовых сваях к дому;346
плита на винтовых сваях;346
винтовая свая диаметром 108;346
поднять дом на винтовые сваи;346
как сделать пол на винтовых сваях;345
винтовая свая расценка в смете;343
винтовые сваи под террасу;343
винтовые сваи 3м;343
аппарат для винтовых свай;342
сваекрут из дрели для винтовых свай;341
сколько стоит сваи винтовые для дома;341
винтовые сваи в самаре;339
сколько нужно винтовые сваи на дом;339
деревянный дом на винтовых сваях;337
свая винтовая купить в леруа;337
на какую глубину закручивать винтовые сваи;335
строения на винтовых сваях;334
винтовые сваи блоки;332
как вкручивать винтовые сваи своими руками;332
винтовые сваи через какое расстояние;332
свая винтовая заборная;329
железные сваи винтовые;328
насадка на винтовую сваю;328
оголовок винтовой сваи цена;326
винтовые сваи лемана про;325
установка винтовых свай видео;325
обвязка дома на винтовых сваях;324
купить винтовые сваи 76мм;324
погружение винтовых свай;324
винтовые сваи селятино;322
сваи винтовые стены;321
сваи под фундамент дома винтовые;320
сруб на винтовых сваях;318
строительство каркасного дома на винтовых сваях;317
инструмент для закручивания винтовых свай;317
винтовые сваи диаметр 76 мм;316
устройство пола на винтовых сваях;315
сваи винтовые купить недорого;315
сваи винтовые 3 м;313
какие винтовые сваи использовать;313
цена винтовых свай в лен свая;313
винтовые сваи 3 89;313
винтовая свая 57мм;312
крыльцо на винтовых сваях;311
квадратные винтовые сваи;311
минимальные винтовые сваи;310
винтовые сваи цена с монтажом в спб;310
металлические винтовые сваи фундамент;309
установка винтовых свай под ключ цена;309
винтовые сваи королев;308
заливают ли винтовые сваи бетоном;307
гидровращатель для винтовых свай;306
сарай на винтовых сваях;306
сколько стоит вкрутить винтовые сваи;306
теплый пол на винтовых сваях;305
винтовые сваи в костроме;302
каркасный дом на винтовых сваях своими руками;301
винтовая свая 76 1500;301
оборудование для винтовых свай;300
ремонт винтовыми сваями;300
свая винтовая 2000мм;300
винтовые сваи ярославль цены;299
фундамент винтовых сваях ключ;297
винтовые сваи купить в челябинске;297
сваи винтовые 1 5 купить;296
винтовые сваи гост 59106 2020;296
наконечник винтовой сваи 76;295
как сделать винтовые сваи своими руками;294
утепляем пол на винтовых сваях;292
винтовая свая 1500 купить;291
купить винтовые сваи в томске;291
проливной пол на винтовых сваях;291
монтаж винтовых свай московская область;291
винтовая свая 4 мм;290
как сделать баню на винтовых сваях;290
маленькие винтовые сваи;290
винтовые сваи диаметр 57;289
свая металлическая винтовая цена;289
винтовые сваи краснодар;287
вороток для винтовых свай;287
проливной пол в бане на винтовых сваях;286
винтовые сваи монтаж лен;285
какие винтовые сваи бани;285
винтовая свая 108 5;284
винтовые сваи онлайн;284
винтовые сваи 108мм;284
мясорубка для винтовых свай;283
гидравлический для винтовых свай;283
винтовые сваи 7 7;283
винтовые сваи под беседку;281
чем закрыть дом на винтовых сваях;281
винтовые сваи своими руками изготовление;281
винтовые сваи рядом;280
винтовые сваи форум;280
5м винтовые сваи;280
винтовые сваи 6х6;278
оголовок винтовой сваи 108;277
чем заполнять винтовые сваи;277
винтовой фундамент свайный свая;276
основание винтовых свай;276
терраса к дому на винтовых сваях;276
винтовые сваи д;275
зачем винтовые сваи;274
чем закрыть цоколь на винтовых сваях;273
замена фундамента на винтовые сваи;273
винтовые сваи под столб;272
каркасная баня на винтовых сваях;272
винтовые сваи тагил;272
отделка винтовых свай;272
каркасная пристройка на винтовых сваях;272
свая винтовая лопастная;271
винтовые сваи в нижнем цена;271
винтовые сваи в твери купить;270
винтовые сваи сип;270
утепление пола винтовые сваи;270
винтовые сваи для бытовки;270
винтовые сваи дома видео;270
винтовые сваи 1000;269
можно ли использовать винтовые сваи;269
установка винтовых свай в новосибирске;269
расчет винтовых свай калькулятор;269
какие винтовые сваи для откатных ворот;269
винтовые сваи под пол;268
сваи винтовые купить длиной 2 м;267
правильная обвязка винтовых свай;267
винтовые сваи 6 метров;267
винтовые сваи брянск;266
канализация винтовые сваи;266
сваи винтовые нижний тагил;265
сваи винтовые 76 2500;265
винтовые сваи пермь цена;264
печь винтовые сваи;263
винтовые сваи как закручивать вручную самому;263
толщина лопасти винтовой сваи;263
домики на винтовых сваях;261
засыпка винтовых свай;261
винтовые сваи под навес;258
сваекрут для винтовых свай бензиновый;258
винтовые сваи клин;258
сваи винтовые 89 2;258
редуктор для винтовых свай купить;257
каркас дома на винтовые сваи;257
свая винтовая сварная;256
утепление дома на винтовых сваях;256
сваи винтовые купить киров;256
что засыпают в винтовые сваи;255
как выбрать винтовые сваи;254
производитель винтовых свай спб;254
винтовые сваи ростов;254
купить винтовую сваю 1 м;254
какие сваи винтовые для фундамента;252
винтовые сваи 3 метра цена;251
сваекрут для винтовых свай купить ручной;251
каркасная пристройка к дому на винтовых сваях;251
винтовые сваи под веранду;250
винтовые сваи монтаж под;250
как правильно сделать винтовые сваи;250
винтовые сваи в нижнем новгороде цены;250
купить винтовые сваи в омске;250
монтаж винтовых свай тюмень;249
винтовые сваи во владимире купить;249
сваи винтовые 2м;249
монтаж винтовых свай сваекрутом;249
винтовые сваи под фундамент цены;249
стоимость винтовых свай для фундамента;248
винтовые сваи на воде;248
покрытие винтовых свай;246
высокие винтовые сваи;245
винтовые сваи заказать;245
свая винтовая 76 3;245
винтовые сваи 89мм купить;245
закрутить винтовые сваи цена;245
винтовые сваи саратов;245
винтовые сваи смоленск;244
как сделать обвязку винтовых свай;244
сваи винтовые перфоратором;244
свая винтовая 57х2000;243
сталь винтовых свай;243
слив в бане на винтовых сваях;243
винтовые сваи характеристики;242
винтовые сваи дмитров;240
винтовые сваи свайбер;240
винтовые сваи скачать;240
купить винтовые сваи 1 5 м;239
винтовой фундамент минусы винтовых свай;239
монолитные винтовые сваи;238
контейнер на винтовых сваях;238
винтовые сваи нова;238
винтовые сваи сп;238
новые винтовые сваи;237
винтовые сваи узел;236
закручивание винтовых свай сваекрутом;236
свая винтовая 40;235
винтовые сваи чехов;235
винтовые сваи сергиев;235
винтовые сваи санкт;235
чем закрыть цоколь дома на винтовых сваях;234
веранда к дому на винтовых сваях;234
винтовые сваи цена леруа;234
пеноблок на винтовых сваях;233
винтовые сваи кзс;233
лаги на винтовых сваях;232
размеры оголовков винтовых свай;231
винтовые сваи как закрепить;231
сколько стоит сваи винтовые для дома цена;231
жб сваи или винтовые;231
удлинитель винтовой сваи;231
разметка винтовых свай;230
авито установка винтовых свай;229
купить винтовые сваи 2 метра;228
винтовые сваи владивосток;228
винтовые сваи петербург;228
толщина стенки ствола винтовой сваи;227
свая винтовая 76х2500;227
сваи винтовые 3.5;226
свая винтовая тип свл;226
фундамент винтовых сваях плюсы;226
винтовые сваи для фундамента своими руками;226
монтаж свай винтовых цена московская;226
свая винтовая метровая;225
сколько выдерживает винтовая свая;224
почему винтовые сваи;224
какого диаметра бывают винтовые сваи;224
свая винтовая 80;224
буронабивных винтовых сваях;223
винтовые сваи для дачи;223
винтовые сваи 89 2000 купить;222
купить винтовые сваи в спб от производителя;222
установка для закручивания винтовых свай;221
винтовые сваи череповец купить;221
винтовые сваи для террасы какие;221
куплю сваи литые винтовые;221
какое расстояние между винтовыми сваями;220
свая винтовая 108 2000;220
газобетон на винтовых сваях;220
размер винтовых свай для фундамента;219
винтовая свая 350;218
винтовые сваи санкт петербурге;218
винтовые сваи тюмень цена с монтажом;218
услуги винтовых свай;218
свая винтовая 2 5 метра;218
винтовые сваи ленобласть;218
винтовая свая 4000;217
сваи винтовые купить длиной 1 5 м;216
сваи винтовые с установкой для фундамента московская;216
крыша на винтовых сваях;216
сваи винтовые 108 длина;215
винтовые сваи нужен бетон;215
винтовые сваи конструкция;215
винтовые сваи 2 метра цена;215
бурение винтовых свай;214
винтовые сваи русская свая;214
винтовые сваи сергиев посад;214
винтовой свай 76мм 2000мм;213
сваекрут гидравлический для винтовых свай;213
фундаментные сваи винтовые;212
обвязка швеллером винтовых свай;211
свая стальная винтовая свл;211
как ставят винтовые сваи;211
баня на винтовых сваях своими руками;211
винтовые сваи одноэтажные каркасный дом;210
винтовые сваи подмосковье;210
баня из бруса на винтовых сваях;209
купить сваи винтовые 76мм 2000мм;209
монтаж свай винтовых цена московская область;209
винтовые сваи нкт;209
винтовая свая диаметр 89 мм;209
лопасти для винтовых свай купить;209
вкрутить винтовые сваи цена;208
теплый пол доме винтовых сваях;208
оголовок винтовой сваи 57;208
купить винтовые сваи в рязани;208
обвязка каркасного дома на винтовых сваях;207
нижняя обвязка винтовых свай;207
сваи винтовые кострома купить;207
свая винтовая с 2;207
свая винтовая стальная тип свл;206
винтовые сваи южно сахалинск;206
аренда сваекрута для монтажа винтовых свай;206
длина наконечника винтовой сваи;206
дома на винтовых сваях проекты;206
какие сваи лучше винтовые или бетонные;205
винтовые сваи дом 6х6;205
винтовые сваи нужен ли бетон;205
винтовые сваи цемент;204
винтовые сваи северодвинск;204
оголовки для винтовых свай купить;203
винтовые сваи сургут;203
винтовые сваи забор спб;203
какая должна быть винтовая свая;202
купить винтовые сваи в новокузнецке;202
оцинкованные винтовые сваи купить;201
винтовых свай 4 м;201
крепление бруса к винтовым сваям;201
вместо винтовых свай;201
как правильно вкручивать винтовые сваи;201
нужна ли отмостка для свайного фундамента;200
магазин винтовых свай;200
качество винтовых свай;200
винтовой свай типы диаметров;200
винтовые сваи цена за метр;199
винтовые сваи 3000 цена;199
винтовые сваи купить в уфе;198
винтовые сваи техника;198
винтовые сваи под дом цена;198
винтовые сваи усиленные;198
ключ для винтовых свай;198
свая винтовая гост р 59106 2020;197
винтовые сваи для фундамента каркасного дома;197
винтовые сваи томск цена;195
как правильно закручивать винтовые сваи;195
шнек для винтовой сваи;195
винтовые сваи в новосибирске цена с установкой;195
винтовые сваи уссурийск;195
винтовые сваи коррозия;195
винтовые сваи ижевск цена;195
свая винтовая 76х1500;194
винтовые сваи с ростверком;193
насадка для закручивания винтовых свай;193
сваи винтовые под бытовку;192
ремонт фундамента винтовыми сваями;192
винтовые сваи купить в ижевске;192
как завернуть винтовую сваю;192
связать винтовые сваи;191
свая винтовая 89х2500 цена;191
винтовая свая 60;191
аппарат для закручивания винтовых свай;191
лопасти винтовых свай 89;191
что такое свайно ростверковый фундамент;190
самоходный сваекрут для винтовых свай;190
выдавило винтовую сваю;190
купить винтовые сваи в калуге;190
свая винтовая 57 1500;190
ли обвязка винтовых свай;190
винтовые сваи купить в самаре;189
зашить винтовые сваи;189
купить винтовые сваи в леруа мерлен;189
винтовые сваи можайск;189
куплю сваи винтовые великий новгород;189
винтовые сваи ростов на дону;189
расчет винтовой сваи онлайн;188
отделка цоколя на винтовых сваях;188
как самому вкрутить винтовые сваи;188
показать винтовые сваи;188
калькулятор винтовых свай для фундамента;187
винтовые или бетонные сваи что лучше;187
сварка винтовых свай;187
как приварить оголовок к винтовой свае;187
винтовая свая свл с литым наконечником;186
винтовые сваи адреса;186
винтовая свая 89 мм 2500;186
винтовые сваи стоит ли;185
как выглядят винтовые сваи;184
швеллер на винтовые сваи;184
винтовые сваи раменское;184
раменские сваи винтовые;184
какие винтовые сваи лучше для дома;184
литой наконечник для винтовой сваи купить;184
свая винтовая 2 5 м;183
винтовые сваи 1.5 метра;183
винтовые сваи тольятти;183
минимальное расстояние винтовых свай;183
винтовые сваи купить в иркутске;183
винтовые сваи дом 8 на 8;182
винтовые сваи бу;182
баня винтовых сваях сделать пол;182
винтовая свая 250 мм;181
винтовые сваи петрозаводск;181
свая винтовая 57 цена;181
оголовок под винтовые сваи;181
стяжка винтовых свай;180
винтовые сваи тамбов;179
купить винтовые сваи иваново;179
наконечник для винтовой сваи 57;179
свая винтовая многовитковая с фланцем;178
винтовые сваи в омске цена;178
винтовая свая св;178
большие винтовые сваи;178
сваи винтовые какие бывают размеры;178
винтовые сваи купить в великом;178
нужно ли заливать винтовые сваи;177
купить винтовые сваи в тюмени;177
сваи винтовые 6 на 4;176
винтовые сваи в песок;176
как крепить брус к винтовым сваям;176
на какую глубину вкручивать винтовые сваи;176
винтовые сваи псков;175
краска для винтовых свай;175
утеплить пол дом на винтовых сваях;174
винтовые сваи 3500;174
как правильно устанавливать винтовые сваи;174
винтовые сваи ярославль цены с установкой;173
винтовые сваи под деревянный;173
какие сваи лучше винтовые или железобетонные;173
винтовые сваи в красноярске цена;173
купить винтовые сваи 3 метра;173
винтовые сваи в орле;172
монтаж винтовых свай видео;172
свая винтовая 89 3000;171
станок для винтовых свай;171
забор на винтовых сваях плюсы;171
винтовые сваи в лен обл;171
какие выбрать винтовые сваи для дома;171
монтаж винтовых свай екатеринбург;171
винтовые сваи капитальный или нет;170
винтовые сваи в екатеринбурге цена;170
забор на винтовых сваях минусы;170
забор на винтовых сваях плюсы и минусы;170
винтовые сваи ногинск;170
винтовые сваи для хозблока;170
винтовые сваи киров цена;170
диаметры винтовых свай для фундамента;170
что лучше фундамент или винтовые сваи;170
винтовые сваи подольск;170
одноэтажный дом на винтовых сваях;170
сваи винтовые 1500 мм;169
где можно купить винтовые сваи;169
свая винтовая 76х2000 цена;169
канализация в доме на винтовых сваях;169
винтовая свая материал;169
винтовые сваи рыбинск купить;169
винтовые сваи вологда цены;168
винтовые сваи нужно заливать бетоном;168
варианты винтовых свай;168
фундамент ворот винтовых сваях;167
онлайн калькулятор винтовых свай;167
винтовые сваи дом 5 на 5;166
стоимость монтажа винтовых свай;166
труба под винтовую сваю;166
винтовые сваи типа шуруп;166
винтовые сваи обнинск;165
винтовые сваи йошкар ола;165
винтовые сваи двухлопастные;165
надежные винтовые сваи;165
винтовые сваи истра;165
винтовые сваи гайковертом;165
винтовые сваи липецк;165
как самому установить винтовые сваи;164
винтовые сваи волгоград;164
свая винтовая 89 1500;164
дрель для винтовых свай куплю;163
сваи винтовые 1.5 м;163
винтовая свая своими руками чертежи;163
свая винтовая 76х2000 купить;162
винтовые сваи купить в пензе;162
нужно ли заливать винтовые сваи бетоном;162
винтовая свая 5 мм толщина;162
винтовая свая 57 нагрузка;162
винтовые сваи в глину;161
винтовые сваи саранск;161
винтовая свая диаметром 57 мм;161
заполнение винтовых свай;161
как обвязать винтовые сваи;160
сколько весит винтовая свая;160
редуктор для закручивания винтовых свай дрелью;160
металлические сваи винтовые для фундамента цены;159
винтовые сваи под морской контейнер;159
устройство каркасного дома на винтовых сваях;159
купить гидравлический сваекрут для винтовых свай;159
винтовая свая 325;158
винтовые сваи в домашних условиях;158
винтовые сваи челны;158
винтовые сваи абакан;158
свая винтовая строительная;158
винтовые сваи коломна;158
толщина винтовых свай 108;158
винтовые сваи под гараж;157
гидроизоляция винтовых свай;157
авто сваи винтовые;157
установка забора на винтовых сваях;157
редуктор для закручивания винтовых свай купить;157
заливка винтовых свай;157
литый наконечники для винтовых свай;157
как построить дом на винтовых сваях;156
винтовая свая 108 3000 цена;155
винтовые сваи дешево от производителя;155
устройство бани на винтовых сваях;155
установить винтовые сваи цена;155
как выкрутить винтовые сваи;155
дешевые винтовые сваи в спб;155
купить дешевые сваи винтовые в спб;155
как работает винтовая свая;155
газоблок на винтовые сваи;154
винтовая свая диаметр 108 мм;154
постройки на винтовых сваях;154
купить винтовую сваю 89 2500;153
винтовая свая минск;153
винтовые сваи иркутск цена;153
сваи винтовые размеры таблица;153
являются ли винтовые сваи капитальными;153
дом из газобетона на винтовых сваях;153
ленточный фундамент на винтовых сваях;152
какой диаметр винтовых свай выбрать;152
цена 1 винтовой сваи;152
винтовая свая 159 мм;152
сваи винтовые 2 76;152
устройство для закручивания винтовых свай;151
строим дом на винтовых сваях;151
винтовые сваи отличия;151
винтовые сваи купить в казани;151
отклонение винтовых свай;151
винтовые сваи расчет нагрузки;150
цена свай винтовых москва;150
винтовые сваи суглинок;150
купить сваи винтовые в спб 76;150
свая винтовая 57 2000;150
сваи винтовые для фундамента 108;150
каркасный гараж на винтовых сваях;150
легкие винтовые сваи;150
винтовые сваи на московском;149
отделка цоколя дома на винтовых сваях;149
винтовые сваи или ленточный;149
чем отличаются винтовые сваи;149
винтовые сваи с установкой цена за штуку;149
свая винтовая 89х2000 купить;149
винтовые сваи 133 мм;149
купить винтовые сваи московская область;148
винтовые сваи в лен обл цена;148
распашные ворота на винтовых сваях;148
какая свая лучше винтовая или шуруп;148
винтовые сваи свс 89;148
ювента сваи винтовые;148
как устанавливаются винтовые сваи;148
винтовая свая свс 108;148
винтовые сваи длиной 3 метра;147
чем обработать винтовые сваи;147
сваи винтовые купить барнаул;147
проект каркасного дома на винтовых сваях;146
самодельная винтовая свая;146
как разметить винтовые сваи;146
как закручивают винтовые сваи видео;146
винтовые сваи под стоящий дом;146
винтовая свая 108 лопасть;146
зимой винтовая свая;145
свая винтовая 2 5м;145
монтаж винтовых свай цена за работу;145
паспорт винтовых свай;145
как крепить оголовок к винтовой свае;145
какое расстояние должно быть между винтовыми сваями;145
винтовые сваи владивосток купить;143
утепление пола дома на винтовых сваях;143
винтовая свая 6 мм;143
сваи винтовые 89 спб;143
свая винтовая 57х1500 купить;142
забор на винтовых сваях своими руками;142
винтовая свая 108 2500 цена;142
закрутка винтовых свай своими руками;142
готовые винтовые сваи;142
монтаж винтовых свай смета;141
кзс сваи винтовые королев;141
вес винтовых свай 89;141
винтовых свай серпухов;141
сколько стоит вкрутить винтовые сваи цена;141
винтовые сваи цена с работой;140
утепление каркасного дома на винтовых сваях;140
винтовая мини свая для теплиц;139
винтовая свая 150 мм;139
винтовая свая саморез;139
смесь для свай винтовых;139
сваи винтовые для забора цена за штуку;139
дрель для закручивания винтовых свай купить;139
винтовая свая 89 2500 цена;138
канализация в каркасном доме на винтовых сваях;138
машинка для винтовых свай;138
свая винтовая 108х2000;137
винтовая свая 5мм;137
цпс для винтовых свай;137
установка винтовых свай киров;137
винтовые сваи 89 мм 2000 купить;137
глубина винтовых свай для дома;137
королевские винтовые сваи;137
нагрузка на винтовые сваи таблица;136
сколько стоит монтаж винтовых свай;136
винтовые сваи для фундамента бани;136
винтовые сваи в подмосковье цена;136
купить винтовые сваи 89 мм длина 2000;136
винтовые сваи калининград;135
винтовые сваи какие выбрать для каркасного;135
свая винтовая 108 2 метра;135
как закручивать винтовые сваи самостоятельно;134
как сделать самому винтовую сваю;134
сколько служат винтовые сваи;134
винтовые сваи 9 на 9 дом;134
винтовые сваи в новокузнецке цена;134
как приварить швеллер к винтовым сваям;133
ооо винтовые сваи;133
чем забивные сваи лучше винтовых;133
дачный дом на винтовых сваях;133
установка винтовых свай инструкция;133
винтовая свая 110;133
можно ли выкрутить винтовые сваи;133
правильный фундамент винтовых сваях;133
диаметр винтовых свай для дома;133
винтовые сваи 1500мм;132
винтовые сваи 2 метра 89;132
дом на винтовых сваях устройство пола;132
винтовая или шурупная свая;132
сколько стоит работа винтовых свай;132
купить винтовые сваи в кемерово;132
винтовые сваи тульская область;132
обвязка дома на винтовых сваях нижняя;132
сваи винтовые цена за штуку 108;131
морской контейнер на винтовых сваях;131
королевский завод винтовых свай;131
винтовые сваи москве области;131
наконечник для винтовой сваи 89;131
гэсн винтовые сваи;131
сваи винтовые 1м;131
дом на винтовых сваях фото;131
обвязка винтовых свай трубой;130
купить винтовые сваи в архангельске;130
винтовые сваи карта;130
винтовые сваи мини экскаватор;130
забурить винтовые сваи;130
купить сваи винтовые 89мм 2500;130
винтовые сваи ростов купить;129
винтовая свая 300 мм;129
бур для винтовых свай;129
буры для винтовых свай;129
винтовые сваи нижний новгород с установкой;129
устройство пола в бане на винтовых сваях;129
машина для закручивания винтовых свай;128
откатные ворота на винтовых сваях инструкция;128
сваи винтовые 108 установка;128
винтовая свая 200 мм;128
купить винтовую сваю для дома;128
отмостка вокруг винтовых свай;128
сваи винтовые допуски;128
винтовые сваи купить новосибирск цена;128
винтовые сваи 2.5 м;127
свая винтовая купить в спб 57;127
сваи винтовые 1 5 метра;127
установка винтовых свай своими руками видео;127
разметка под винтовые сваи;127
винтовые сваи dwg;127
экскаватор для винтовых свай;127
винтовые сваи заборный столб;127
расстояние между винтовыми сваями для каркасного;127
свая винтовая курск;126
винтовые сваи 4мм;126
винтовая свая 76 мм цена;126
винтовые сваи для каких грунтов;126
обрешетка винтовых свай;126
винтовые сваи в челябинске цена;125
устройство пола каркасного дома на винтовых сваях;125
свая винтовая u образная;125
винтовые сваи из профильной трубы;125
винтовые сваи монтаж новгород;125
винтовая свая 133 цена;125
винтовые сваи комплект;125
купить винтовые сваи монтаж;125
винтовые сваи применение;125
черновой пол винтовые сваи;125
что внутри винтовых свай;125
печь в баню на винтовых сваях;125
винтовые сваи оренбург;124
винтовые сваи владимир цена;124
винтовые сваи иркутск установка;124
частные дома на винтовых сваях;124
соединение винтовых свай;124
свая винтовая длиной 57;124
винтовые сваи егорьевск;124
как монтировать винтовые сваи;124
винтовые сваи 5000;124
винтовые сваи размеры чертеж;123
винтовые сваи отзывы владельцев;123
закручивание винтовых свай электрическим сваекрутом;123
винтовые сваи реконструкция;123
винтовые сваи монтаж ключ;122
винтовые сваи для беседки какие;122
отверстие в винтовой сваи;122
нижняя обвязка каркасного дома на винтовых сваях;122
расстояние между винтовыми сваями для дома;122
винтовые сваи 6000;122
винтовые сваи набережные;122
винтовые сваи под деревянный дом;122
сип панели на винтовых сваях;122
винтовая свая 4 метра цена;122
как рассчитать количество винтовых свай;121
винтовые сваи чебоксары цены;121
установка дома на винтовые сваи;121
диаметры труб винтовых свай;121
как называются винтовые сваи;121
купить винтовые сваи в брянске;121
чем заливают винтовые сваи;121
винтовые сваи картинки;121
винтовая свая 2.5 метра цена;120
винт для сваи винтовой;120
обвязка винтовых свай своими руками;120
винтовые сваи квадрат;120
свая винтовая малая;120
свая винтовая комбинированная;119
минимальное расстояние между винтовыми сваями;119
сваи винтовые 56;119
свая винтовая с u образным фланцем;119
длина винтовых свай для фундамента;119
отмостка вокруг дома на винтовых сваях;119
нужно ли засыпать винтовые сваи;119
монтаж винтовых свай в подмосковье;119
установка бани на винтовые сваи;118
дом на винтовых сваях капитальное строение;118
можно ли вкрутить винтовую сваю;118
монтаж ворот на винтовых сваях;118
сваи нкт трубы винтовые;118
что лучше железобетонные сваи или винтовые;118
свая винтовая d76;118
сколько стоит закрутить винтовую сваю цена;118
старый дом на винтовых сваях;118
установка винтовой сваи под домом;118
какие винтовые сваи выбрать для каркасного дома;118
какие полы на винтовых сваях;118
винтовая свая под дом руками;118
авито сваи винтовые цены;118
длинные винтовые сваи;118
купить сваекрут для винтовых свай бензиновый;118
реконструкция фундамента винтовыми сваями;117
сваи для забора винтовые цена с установкой;117
леруа мерлен винтовые сваи цена;117
длина винтовых свай для забора;117
замена винтовой сваи под домом;117
брус на винтовых сваях своими руками;117
купить винтовые сваи бу;117
винтовые сваи на каркасный дом 6;117
гост на винтовые сваи;116
монтаж винтовых свай под ключ;116
установка свай винтовых своими руками пошаговая инструкция;116
марки винтовых свай;116
винтовые сваи в екатеринбурге цена с монтажом;116
работа в винтовые сваи монтаж;116
как правильно сделать обвязку винтовых свай;116
фундамент винтовых сваях видео;116
пирог пола на винтовых сваях;115
какие сваи лучше винтовые или шурупные;115
винтовые сваи телефон;115
винтовые сваи нижневартовск;115
шаблон винтовых свай;115
сваи винтовые 108 2.5;115
купить винтовые сваи в новосибирске недорого;115
монтаж винтовых свай в лен обл;115
винтовые сваи уфа цены;115
монтаж откатных ворот на винтовых сваях;115
толщина винтовых свай 89;114
что лучше геошурупы или винтовые сваи;114
установить сваи винтовые под фундамент;114
цоколь на винтовых сваях своими руками;114
забор на винтовых сваях под ключ;114
здание на винтовых сваях;114
выбор винтовых свай;114
винтовые сваи компании;114
сэндвич панели на винтовых сваях;113
какая нагрузка на винтовую сваю;113
бассейн на винтовых сваях;113
вкручивание винтовых свай своими руками;113
винтовые сваи объекты;113
что лучше жб сваи или винтовые;113
монтаж винтовых свай в нижнем;113
чертеж лопасти винтовой сваи;113
как закрутить винтовую сваю мотобуром;113
свая винтовая шуруп 76;112
сваи винтовые бор;112
купить винтовые сваи в воронеже;112
купить сваи 3000 винтовые;112
винтовые сваи в орле купить;112
винтовые сваи считается ли капитальным;112
винтовые сваи под дом из бруса;112
свая винтовая стальная тип свл двухлопастная;112
шаг винтовых свай для дома;112
дом на винтовых сваях под ключ;112
винтовые сваи 4м;111
сваи винтовые садовые;111
винтовые сваи 6 на 8;111
винтовые сваи 5 метров цена;111
винтовые сваи каталог;111
владимирские винтовые сваи;111
винтовые сваи миасс;111
сваи винтовые свердловская область;110
как правильно утеплить винтовые сваи;110
свая винтовая 108 спб;110
винтовые сваи воронеж цена;110
аренда для закручивания винтовых свай;110
винтовые сваи фундамент новосибирск;110
винтовые сваи цена за штуку в леруа;110
винтовая свая 76 2000 цена;110
винтовые сваи домодедово;110
веранда на винтовых сваях пристроенная;110
пристраиваем веранду на винтовых сваях;110
беседка на винтовых сваях своими руками;109
дачный домик на винтовых сваях;109
винтовые сваи 57 2500;109
винтовые сваи фирмы;109
доставка винтовых свай;109
правила винтовые сваи;109
сваи винтовые 76х2500 цена;109
винтовая свая 108 вес;109
винтовая свая 6 м;109
расстояние между винтовыми сваями для каркасного дома;109
сваи винтовые диаметром 250 мм;109
свая винтовая однолопастная;109
винтовая свая для светильника;109
сваи винтовые купить спб производителя дешево;108
стоимость винтовых свай для фундамента с установкой;108
установка винтовых свай в ярославле;108
винтовые сваи под пристройку;108
через какое расстояние ставят винтовые сваи;108
какой длины бывают винтовые сваи;108
винтовые сваи под хозблок;108
ширина винтовых свай;108
как устанавливают винтовые сваи вручную;108
для чего нужны винтовые сваи;108
сваи винтовые калужская область;107
винтовые сваи в сочи;107
винтовые сваи баня цена;107
мясорубка для закручивания винтовых свай;107
зашиваем цоколь на винтовых сваях;107
правильная обвязка винтовых свай брусом;107
черновой пол дома на винтовых сваях;107
винтовые сваи спб недорого;107
сваи винтовые московская область под ключ;107
винтовые сваи дом 7 7;106
винтовые сваи тверь цена;106
сваи винтовые 250 2000;106
каркасный дом на винтовых сваях видео;106
сколько стоит винтовая свая под ключ;106
монтажные винтовые сваи;106
винтовые сваи краснодар купить;106
какая толщина винтовой сваи;105
утепление бани на винтовых сваях;105
винтовые сваи курган;105
винтовые сваи 219 мм;105
свая винтовая открытая;105
как закрутить винтовую сваю сваекрутом;105
какие сваи лучше забивные или винтовые;105
свая винтовая 89х3000;105
замена фундамента домом винтовые сваи;105
купить сваекрут электрический для закручивания винтовых свай;105
сваекрут для закручивания винтовых свай купить;105
площадка для винтовых свай;104
через сколько винтовые сваи;104
свая винтовая 57 1000;104
пучение винтовых свай;104
уровень для винтовых свай;104
чем покрасить винтовые сваи;104
редуктор для винтовых свай на дрель;104
винтовые сваи архангельск цена;104
пошаговое строительство дома на винтовых сваях;104
винтовые сваи перекрытие;103
купить сваи винтовые в спб для забора;103
терраса на винтовых сваях примыкающая к дому;103
купить винтовые сваи в уссурийске;103
сваи винтовые владимирская область;103
свая винтовая 76 1500 купить;103
сваи винтовые 100мм;103
винтовые сваи под контейнер 20 футов;103
винтовые сваи 76 литая;103
винтовые сваи нижегородская область;103
жби винтовые сваи;103
винтовые сваи под печь;103
терраса на винтовых сваях своими руками;103
фундамент на винтовых сваях под ключ;103
параметры винтовых свай;102
утеплить цоколь на винтовых сваях;102
винтовые сваи б;102
винтовая свая под опору;102
установка свай винтовых цена работы;102
крепеж винтовых свай;102
винтовые сваи снип;102
винтовые сваи великие луки;102
монтаж винтовых свай расценка в смете;102
сваи стальные винтовые гост;102
винтовые сваи в воскресенске;102
винтовые сваи в ульяновске;102
русская свая завод винтовых;102
винтовые сваи цена с монтажом монолитная плита;102
фундамент под баню винтовые сваи;102
винтовая свая без оголовка;101
насадка на мотобур для винтовых свай;101
винтовые сваи оптом;101
баня из бревна на винтовых сваях;101
расчет количества винтовых свай;101
сваи винтовые иркутск цена с установкой;101
установить сваи винтовые под дом;101
обвязка винтовых свай профильной трубой;101
винтовые сваи бензобуром;101
сваи металлические винтовые купить;101
фундамента деревянным винтовые сваи;101
винтовая свая 86;100
винтовые сваи промерзание;100
укрепление винтовых свай;100
фундамент винтовые сваи спб;100
как вкрутить сваи своими руками винтовые правильно;100
винтовые сваи красноярск цена с установкой;100
закручивание винтовых свай перфоратором;100
сваи винтовые цена сергиев посад;99
сухая смесь в винтовые сваи;99
винтовые сваи для навеса для машины;99
винтовые сваи в тюмени цены;99
винтовые сваи 108 мм купить;99
технология дома на винтовые сваи;99
винтовые сваи калуга цена;99
калитка на винтовых сваях;99
винтовые сваи благовещенск;98
установка винтовых свай во владимире;98
купить сваи для забора винтовые цена;98
винтовые сваи считаются фундаментом;98
винтовые сваи москва и московская область;98
площадка под винтовые сваи;98
монтаж забора на винтовых сваях;98
сколько надо винтовых свай на дом;98
веранда на винтовых сваях пристроенная к дому;98
пристрой к дому на винтовых сваях веранда;98
крепление оголовка к винтовой свае;98
гараж на винтовых сваях своими руками;98
винтовые сваи цена длиной 2 м;97
приспособление для винтовых свай своими руками;97
свая винтовая 76 3000;97
расчет винтовых свай онлайн калькулятор;97
части винтовой сваи;97
как делают обвязку на винтовых сваях;97
утепление каркасного пола на винтовых сваях;97
сваи винтовые 2500мм;97
бетонируют ли винтовые сваи;97
винтовая свая 108 размеры;97
купить сваи винтовые 1.5;97
свая винтовая купить в спб 57 мм;96
винтовые сваи пересвет;96
винтовые сваи магнитогорск;96
профнастил на винтовых сваях;96
винтовые сваи под сарай;96
объем винтовой сваи;96
как выровнять винтовые сваи;96
как устанавливают сваи винтовые для фундамента;96
винтовые сваи в орехово;96
как сделать обвязку винтовых свай брусом;96
винтовые сваи приморский край;96
сборка винтовых свай;96
как делаются винтовые сваи;96
утепление пола каркасного дома на винтовых сваях;96
винтовые сваи купить минск;96
саморезная винтовая свая;95
как подобрать винтовые сваи;95
сколько стоит 1 винтовая свая;95
винтовые сваи 6х4;95
винтовая свая 57 мм цена;95
свая винтовая 57х1000;95
переходник для закручивания винтовых свай;95
свая п винтовая;95
винтовые сваи томск монтаж;94
лестница на винтовых сваях;94
обвязка винтовых свай уголком;94
защита винтовых свай;94
винтовые сваи 108 3 метра;94
купить винтовые сваи 133;94
винтовые сваи для забора как установить;94
головок винтовой сваи;94
свая винтовая спиральная;94
винтовые сваи серия;94
оборудование для закручивания винтовых свай;94
винтовые сваи первоуральск;94
допустимая нагрузка на винтовую сваю;94
поднять дом на винтовые сваи цена;93
винтовые сваи в москве и московской;93
купить сваи винтовые 108 2 метра;93
сваи винтовые в нижнем новгороде с монтажом;93
пирс на винтовых сваях;93
сваи винтовые цена 2500 за штуку;93
купить сваи винтовые москва и московская;93
винтовые свай от производителя купить в новосибирске;93
сваекрут для винтовых свай видео;93
винтовые сваи расположение;93
винтовые сваи своими руками размеры;93
сваи винтовые 89х2500 цена с оголовками;93
строение на винтовых сваях является капитальным;92
сколько винтовых свай нужно на баню;92
закручивание винтовых свай цена;92
какую нагрузку выдерживает винтовая свая 89;92
какие винтовые сваи выбрать для забора;92
схема установки винтовых свай;92
винтовые сваи обваренные;92
сваи винтовые лемано про;92
купить винтовые сваи 89 мм длина 2500;92
залить фундамент винтовыми сваями;92
диаметр лопасти винтовой сваи 108;92
винтовые сваи гатчина;91
расчет винтовых свай для фундамента калькулятор;91
монтаж винтовых свай нижний новгород цена;91
винтовые сваи является фундаментом;91
купить сваи винтовые в спб 89;91
сваи винтовые 3000мм;91
самоходный сваекрут для винтовых свай купить;91
технология установки винтовых свай;91
свая винтовая длиной 1.5;91
винтовые сваи екатеринбург с установкой;91
купить винтовую сваю в саратове;91
винтовая свая 89 размеры;91
журнал винтовых свай;91
монтаж винтовых свай в омске;91
винтовые сваи 3.5 мм;91
свая винтовая многовитковая с фланцем свайбер;90
испытание винтовых свай;90
наконечник винтовой сваи 76 мм;90
свая винтовая под забор цена;90
винтовые сваи требования;90
свая винтовая 108х3000;89
подъем на винтовые сваи цена;89
винтовые сваи бийск;89
винтовые сваи цена с монтажом в подмосковье;89
куплю сваи винтовые диаметром 76 мм;89
купить винтовые сваи завод;89
сваи винтовые купить в тольятти;89
установка сваи винтовой расценка;89
утепление пола в бане на винтовых сваях;89
винтовые сваи максимальное расстояние;89
винтовые сваи использование;89
как сделать фундамент на винтовых сваях;89
дом из газоблока на винтовых сваях;89
купить винтовые сваи в леруа цены;89
винтовые сваи под заборные столбы;88
расстояние для винтовых свай для террасы;88
толщина винтовой сваи 108 мм;88
что лучше свая шуруп или винтовая;88
вкручивание винтовых свай вручную;88
сколько простоят винтовые сваи;88
винтовые сваи нормы;88
винтовые сваи или бетонные столбы;88
сип дома на винтовых сваях;88
винтовые сваи 12 метров;88
дом на винтовых сваях схема;88
как разметить под винтовые сваи;88
винтовые сваи для откатных ворот какие ставить;88
шаг винтовых свай для каркасного дома;88
приспособление для вкручивания винтовых свай;88
морозное пучение винтовых свай;88
конус для винтовой сваи;87
винтовые сваи купить во владимире цены;87
винтовые сваи рядом с домом;87
количество винтовых свай для дома;87
свая винтовая купить 3м;87
наконечник винтовой сваи 76 купить;87
оголовок на винтовую сваю 76;86
винтовые сваи александров;86
пол в гараже на винтовых сваях;86
буронабивные сваи или винтовые что лучше;86
аппарат для вкручивания винтовых свай;86
сваи винтовые 3 5 метра;86
как вкручивать сваи винтовые в ручную;86
винтовые сваи сила сваи;86
винтовые сваи купить сваи про;86
как закручиваются винтовые сваи;86
винтовые сваи в солнечногорске;86
чертежи винтовых свай изготовление;86
закручиватель винтовых свай;85
зашить цоколь дома на винтовых сваях;85
винтовые сваи на склоне;85
как нарастить винтовые сваи;85
сваи винтовые 6 9;85
план винтовых свай;85
сколько стоят винтовые сваи под дом;85
на каком расстоянии вкручивать винтовые сваи;85
винтовые сваи процесс;85
грунт под винтовые сваи;85
винтовые сваи 9 метров;85
свая винтовая d57;84
можно ли мотобуром закрутить винтовую сваю;84
сайт винтовых свай;84
винтовые сваи диаметр 159;84
сваи 1 метр винтовые купить;84
опорно винтовые сваи;84
подъем дома на винтовые сваи цена;84
сваи винтовые купить в благовещенске;84
самые маленькие винтовые сваи;84
пескобетон для свай винтовых;84
как правильно делать винтовые сваи;84
свая винтовая стальная 76;84
диаметр винтовых свай для забора;84
какие винтовые сваи нужны для забора;84
устройство винтовых свай смета;84
винтовые сваи купить в спб недорого;84
винтовые сваи как устанавливать самому вручную;83
обвязка фундамента на винтовых сваях;83
на каком расстоянии закручивать винтовые сваи;83
винтовые сваи ступино;83
строительство на винтовых сваях видео;83
мотобур для закручивания винтовых свай;83
бетонирование винтовых свай;83
бизнес винтовые сваи;83
винтовые сваи улан удэ;83
оголовник винтовой сваи;83
купить винтовые сваи в леруа мерлен цена;83
нужна ли обвязка винтовых свай;83
как работает сваекрут для винтовых свай;83
свая винтовая многовитковая с u образным фланцем;83
винтовые сваи тоннами;83
рынок винтовых свай;83
купить сваекрут для винтовых свай в спб;83
сваи винтовые цена череповец;83
построить каркасный дом на винтовых сваях;82
винтовые сваи рязань с установкой;82
купить винтовые сваи в дмитрове;82
сваи винтовые длиной 3 м;82
винтовые сваи тобольск;82
гост 59106 2020 сваи стальные винтовые;82
какие винтовые сваи нужны для каркасного дома;82
квадратные винтовые сваи для забора;82
винтовые сваи монтаж пол;82
винтовые сваи 76 ярославль;82
винтовая свая своими руками изготовление чертежи;82
винтовая свая длиной 1.5 м;82
сваи винтовые 4 метра купить;82
рейтинг винтовых свай;82
винтовая свая 89 сколько стоит;81
купить винтовые сваи 57 мм дешево;81
ворота на винтовых сваях отзывы;81
стоимость свай винтовых в московской области;81
на сколько закручивать винтовые сваи;81
оголовок сваи винтовой 89 мм;80
сколько стоит свая винтовая 108х2500;80
небольшие винтовые сваи;80
винтовая свая 8 метров;80
дома на винтовых сваях в спб;80
винтовые сваи короткие;80
откатные ворота на винтовых сваях отзывы;80
винтовые сваи в йошкар оле;80
установка винтовых свай ижевск;80
какой вес выдерживает винтовая свая;80
купить винтовые сваи москва московская область;80
строение на винтовых сваях капитальное или нет;80
винтовые сваи под фундамент деревянного дома;79
винтовая свая 108 какая нагрузка;79
пирог пола дома на винтовых сваях;79
несущая способность винтовых свай таблица;79
обшивка винтовых свай;79
дом из пеноблока на винтовых сваях;79
как правильно обвязать винтовые сваи;79
винтовые сваи в омске цена с монтажом;79
винтовые сваи крым;79
расчет винтовых способности сваи;79
расчет несущей винтовой сваи;79
расчет несущей способности винтовой сваи;79
размеры винтовых свай для фундамента таблица;79
свая винтовая шуруп 89;78
установка контейнера на винтовые сваи;78
земля под винтовыми сваями;78
винтовые сваи киржач;78
дом сип панели на винтовых сваях;78
как укрепить винтовые сваи;78
винтовые сваи основа;78
диаметр винтовых свай нагрузка;78
на сколько вкручивать винтовые сваи;78
сваи винтовые купить спб 108;78
винтовые сваи каркасные дома бруса;78
дом на винтовых сваях 6 8;78
чем крутят винтовые сваи;78
свая 57мм винтовая купить;78
забор из профлиста на винтовых сваях;77
винтовые сваи купить в тамбове;77
черновой пол каркасного дома на винтовых сваях;77
винтовые сваи аншнек;77
винтовые сваи недорого цена;77
глубина винтовых свай для каркасного дома;77
винтовые сваи крутящий момент;77
машинка для закручивания свай винтовых;77
винтовые сваи для бруса 150х150;77
сваи винтовые 108 3 5;77
наконечник для винтовой сваи 108;77
винтовые сваи в иваново цена;77
винтовые сваи под пристройку к дому;77
сечения винтовых свай;77
установка винтовых свай в твери;77
устройство винтовых свай расценка;76
свая винтовая 100 мм;76
винтовые сваи переславль;76
оголовок на винтовую сваю 89;76
выкрутить винтовые сваи обратно;76
сваи винтовые для фундамента цены в новосибирске;76
винтовая свая 76 2500 купить;76
винтовые сваи в томске цена с монтажом;76
сваекрут для винтовых свай аренда спб;76
винтовые сваи березники;76
монтаж оголовка винтовой сваи;76
на каком расстоянии ставят винтовые сваи;76
откатные ворота на винтовых сваях видео;76
как соединить винтовые сваи;76
винтовые сваи в орехово зуево;76
винтовые сваи нужна ли отмостка;76
заземление на винтовые сваи можно ли;76
винтовые сваи в саранске купить;76
забор из профнастила на винтовых сваях;76
чем закручивают сваи винтовые для фундамента;75
строительство дома на винтовых сваях видео;75
на каком расстоянии устанавливаются винтовые сваи;75
пластиковые винтовые сваи;75
сваи винтовые свс 250;75
максимальное расстояние между винтовыми сваями;75
винтовые сваи под ключ новосибирск;75
установить дом на винтовые сваи;75
купить сваю винтовую 108 2500;75
свая винтовая 108х2500 купить;75
мясорубка для винтовых свай купить;75
регулируемые винтовые сваи;75
винтовая свая 75;75
свая винтовая свл 108;75
завод винтовых свай спб;75
винтовые сваи под бассейн;75
винтовые сваи из бетона;75
винтовые сваи цена самара;75
фундамент винтовых сваях новгород;75
навес для автомобиля на винтовых сваях;75
как приварить оголовок к винтовой свае правильно;75
фундамента под деревянным на винтовые сваи;74
винтовые сваи купить в ростове на дону;74
проект террасы на винтовых сваях;74
вс винтовые сваи;74
крыльцо к дому на винтовых сваях;74
как заворачивают винтовые сваи;74
монтаж винтовых свай красноярск;74
винтовая свая для бани купить;74
винтовые сваи сыктывкар купить;74
винтовые сваи мурманск;74
купить винтовые сваи в петровиче;74
винтовые сваи под крыльцо;74
кирпичный дом на винтовых сваях;74
купить винтовые сваи тагил;73
диаметр лопасти винтовой сваи 76;73
чем красят винтовые сваи;73
винтовые сваи в обнинске цена;73
модели винтовых свай;73
технология монтажа винтовых свай;73
бетонная плита на винтовых сваях;73
как правильно закрутить винтовые сваи своими руками;73
свая винтовая для забора 57;73
сваекрут для винтовых свай аренда москва;73
вакансии винтовой сваи;73
расстояние между винтовыми сваями для террасы;73
свая винтовая 114;73
винтовые сваи литой шуруп;73
винтовые сваи раменский район;73
какие винтовые сваи выбрать для веранды;73
установка винтовых свай сыктывкар;73
винтовые сваи во владимире купить с установкой;73
купить винтовые сваи в смоленске;73
свая винтовая опора бруса;72
винтовые сваи в ульяновске купить;72
винтовая свая фото цена;72
наконечник шуруп для винтовой сваи;72
фундамент на винтовых сваях 6 6;72
фундамент винтовые железобетонные сваи;72
приспособление для винтовых свай купить;72
винтовая свая 89 2000 цена;72
винтовые сваи в хабаровске цена;72
найти винтовые сваи;72
винтовые сваи конаково;72
свайное поле из винтовых свай;72
сваи винтовые для фундамента 108 цены;72
сколько держит винтовая свая;72
как крепить брус к оголовку винтовой сваи;72
глубина промерзания винтовые сваи;72
винтовые сваи механизмы;72
дома на винтовых сваях цена под ключ;72
винтовой наконечник сваи 89 мм;72
сваи винтовые для фундамента леруа;71
сваи винтовые заливные;71
утепление цоколя на винтовых сваях;71
винтовые сваи казань цена;71
свая винтовая d108;71
винтовая свая масса;71
винтовые сваи закрутить дрелью;71
свая винтовая свс 4;71
свая винтовая шуруп 57;71
ограждение на винтовых сваях;71
винтовая свая 89 толщина стенки;71
пол каркасной бани на винтовых сваях;71
винтовые сваи луга;71
ямобур для винтовых свай;71
установка винтовых свай под фундамент;71
винтовые сваи в волоколамске;71
как вкручиваются винтовые сваи;70
винтовые сваи под лаги;70
винтовые сваи беларусь;70
мангальная зона на винтовых сваях;70
винтовые сваи энгельс;70
видео строительства каркасного дома на винтовых сваях;70
вес сваи винтовой 2 метра;70
гараж из сэндвич панелей на винтовых сваях;70
гараж из сэндвича на винтовых сваях;70
поднятие дома на винтовые сваи;70
винтовые сваи под плиту;70
свая винтовая 108 300 2500;70
сваи винтовые для фундамента 76;70
какую нагрузку держат винтовые сваи;70
винтовые сваи в набережных челнах;70
винтовые сваи цены от производителя;70
зачем засыпают пескобетон в винтовые сваи;69
вкручивание винтовых свай вручную своими руками;69
продам винтовые сваи;69
диаметр лопасти винтовой сваи 89;69
каркасный пристрой на винтовых сваях;69
сколько стоит винтовая свая для забора;69
винтовые сваи 76 цена за штуку;69
калькулятор винтовых свай для дома;69
винтовые сваи фундамент екатеринбург;69
размер винтовых свай для дома;69
сваи винтовые цены тула;69
винтовые сваи на дом 6х6 сколько;69
барнаульский завод винтовых свай;69
отмостка для дома на винтовых сваях;69
винтовые сваи ф;69
усиление винтовых свай;69
чем покрыть винтовые сваи;68
инструмент для вкручивания винтовых свай;68
конусно винтовые сваи;68
свая винтовая 76х2000 с оголовком цена;68
винтовая свая геошуруп купить;68
винтовая свая 89 мм нагрузка;68
расценки на монтаж винтовых свай;68
закручивание винтовых свай вручную;68
как изготовить винтовую сваю;68
свая винтовая 108х2500 с оголовком;68
фундамент винтовых сваях полы;68
свая стальная винтовая 108 мм;68
винтовые сваи в липецке купить;68
каркасные дома на винтовых сваях поэтапно;68
винтовые сваи или бетонные столбы что лучше;68
винтовые сваи гефест;68
стоимость винтовых свай 108;68
заземление дома на винтовых сваях;68
трактор для винтовых свай;68
винтовые сваи в заокском;68
винтовые сваи 3.5 метра;68
нужно ли заполнять винтовые сваи;68
винтовые сваи купить в южно сахалинске;67
редуктор мясорубка для винтовых свай;67
железные сваи винтовые цена;67
винтовые сваи бронницы;67
нагрузка на винтовую сваю 89;67
размеры диаметр винтовых свай;67
сваи винтовые купить в селятино;67
пирог пола каркасного дома на винтовых сваях;67
винтовые сваи засыпают цементом;67
подиум на винтовых сваях;67
винтовые сваи стандарт;67
свая винтовая 6м;67
сваи винтовые в майкопе;67
винтовые сваи 76 мм 2000;67
вертикаль винтовые сваи;67
установка свай винтовых уфа;67
нагрузка на винтовую сваю 76;67
винтовые сваи завод петербург;67
винтовые сваи 89 6 6;67
винтовые сваи 2 метра 76;67
рассчитать фундамент винтовые сваи;67
тонкие винтовые сваи;67
винтовые сваи краснодарский край;67
винтовые сваи для навеса какие выбрать;67
дом на винтовых сваях является капитальным;67
несущая нагрузка винтовых свай;66
винтовые сваи срок службы реальный;66
стандартные винтовые сваи;66
ленсвая винтовые сваи;66
фундамент гаража винтовых сваях;66
фундаментные сваи винтовые цена;66
винтовая свая 89 мм цена;66
установка винтовых свай сочи;66
винтовые сваи или забивные железобетонные;66
винтовые сваи диаметром 300 мм;66
чем обшить винтовые сваи;66
купить винтовые сваи в северодвинске;66
винтовые сваи закрутить своими руками видео;66
являются ли винтовые сваи фундаментом;66
винтовые сваи пермь цена с установкой;66
как сделать сваекрут для винтовых свай;66
винтовая свая цена рязань;66
винтовые сваи в костроме цена;65
завод винтовых свай санкт петербург;65
нагрузка на винтовые сваи 108;65
фундамент винтовые сваи технология;65
теплый пол в бане на винтовых сваях;65
винтовые сваи великий новгород цена;65
винтовые сваи 1000 купить;65
винтовые сваи мегастрой;65
рязанский завод винтовых свай;65
как выкрутить винтовую сваю своими руками;65
свая винтовая свсн 108;65
винтовая свая 76 нагрузку выдерживает;65
обработка винтовых свай;65
что лучше винтовые сваи или ленточный фундамент;65
что лучше ленточный или сваю винтовые;65
редуктор для закручивания винтовых свай дрелью купить;65
как правильно разметить винтовые сваи;65
полые винтовые сваи;65
как утеплить винтовой фундамент на сваях;65
прибор для винтовых свай;65
свая винтовая 108х2500 с оголовком цена;65
сваи для забора винтовые цена спб;65
сваи винтовые 57 цена за штуку;65
винтовые сваи таурус;65
можно ли выкрутить винтовые сваи обратно;64
свая винтовая 76х3000;64
как разметить свайное поле под винтовые сваи;64
винтовые сваи артем;64
диаметр винтовых свай для бани;64
обшить цоколь винтовые сваи как;64
стоимость установки винтовых свай в московской области;64
закрутить винтовые сваи цена за штуку;64
винтовые сваи под каркасный дом какие;64
поэтапное строительство каркасного дома на винтовых сваях;64
нержавеющая винтовая свая;64
несущая способность винтовой сваи 89;64
фундамент винтовые сваи москва;64
установка для монтажа винтовых свай;64
калькулятор винтовых свай для каркасного;64
монтаж винтовой сваи 108;64
демонтаж винтовых свай;64
какую нагрузку выдерживают винтовые сваи 76;64
сколько стоят винтовые сваи 108;63
водопровод винтовые сваи;63
винтовые сваи шатаются;63
связи винтовых свай;63
установка винтовые сваи новокузнецк;63
винтовые сваи под пол дома;63
купить сваи винтовые для беседки;63
винтовые сваи под ленточный фундамент;63
купить сваи винтовые для фундамента 108;63
сваи винтовые 90;63
винтовые сваи петрозаводск цена;63
винтовые сваи диаметр 2500;63
проект бани на винтовых сваях;63
какие есть диаметры винтовых свай;63
установка винтовых свай смета;63
винтовые сваи кировск;63
свая винтовая 89х3000 цена;63
винтовые сваи березовский;63
установка винтовых свай калуга;63
расстояние между винтовыми сваями для веранды;63
монтаж винтовых свай в москве;63
купить сваи винтовые свс;63
винтовые сваи шуруп или лопасть;63
винтовые сваи саморезного типа;62
нужно ли бетонировать винтовые сваи;62
как закрутить винтовую сваю мясорубкой;62
свая винтовая 108 1500;62
монтаж винтовых свай цена под ключ;62
таурус винтовые сваи новосибирск;62
свая винтовая 76х1500 цена;62
чем заполнить винтовые сваи внутри;62
стяжка пола на винтовых сваях;62
каркасник на винтовых сваях;62
сваи винтовые 120;62
цена закрутки винтовых свай;62
покраска винтовых свай;62
сваи винтовые купить под ключ;62
винтовые сваи свс 219;62
свая винтовая стальная тип свл однолопастная;62
сколько стоит установить сваи винтовые для фундамента;62
заливка винтовых свай бетоном;62
винтовые сваи эксплуатация;62
заворачивание винтовых свай;62
приспособление для закручивания винтовых свай купить;62
монтаж винтовых свай авито;62
винтовые сваи в красноярске цена за штуку;61
винтовые сваи на уклоне;61
винтовые сваи пушкино;61
сваи винтовые для фундамента 89;61
забор на винтовых сваях под ключ цена;61
устройство винтовых свай расценка в смете;61
завод винтовых свай королев;61
сваи винтовые завод королеве;61
глухари для крепления бруса к винтовым сваям;61
винтовые сваи 89 цена за штуку;61
винтовые сваи диаметром 159 мм;61
русская свая санкт петербург завод винтовых;61
сколько прослужат винтовые сваи;61
винтовые сваи для забора каким диаметром;61
сколько стоит винтовые сваи для фундамента цена;61
винтовые сваи как заземление;61
монтаж винтовых свай своими руками в ручную;61
стоимость винтовых свай под ключ;61
заводы винтовых свай отзывы;61
винтовая свая с лопастью 300 мм;61
купить сваи винтовые 89 1500;61
свая винтовая прайс;61
винтовые сваи ржев;61
сваи винтовые одинцово;61
как строить на винтовых сваях;60
рассчитать винтовые сваи под дом;60
винтовые сваи новый уренгой;60
купить винтовые сваи в ленобласти;60
инструмент для закрутки свай винтовых;60
свая винтовая 108х4;60
сваи винтовые 108 2500 цена за штуку;60
заглубление винтовых свай;60
кирпичный столб на винтовой свае;60
свая винтовая 89х2500 купить;60
коммуникации винтовые сваи;60
76 винтовая свая 3 5;60
внутренний диаметр винтовой сваи;60
диаметр винтовых свай для каркасного дома;60
винтовые сваи в можайске с установкой;60
какие винтовые сваи нужны для откатных ворот;60
купить сваи винтовые в приморском крае;60
подъем дома на винтовые сваи спб;60
как закрутить винтовую сваю под домом;60
приспособление для закручивания винтовых свай своими руками;60
сваи винтовые для фундамента леруа мерлен;60
сваи винтовые цена длиной 1 5 м;60
винтовые сваи купить в волгограде;60
сваи винтовые диаметр 200;60
толщина трубы винтовой сваи;60
установка столбов на винтовые сваи;60
монтаж винтовых свай в селятино;59
винтовые сваи кингисепп;59
какие винтовые сваи под террасу;59
схема каркасного дома на винтовых сваях;59
винтовые сваи диаметр 57 мм купить;59
монтажник винтовых свай;59
обвязка винтовых свай доской 50х150 своими;59
винтовые сваи кемерово цены;59
официальный сайт винтовых свай;59
роб металл сталь винтовые сваи;59
бетонный пол на винтовых сваях;59
сваи винтовые 76 3 метра;59
винтовые сваи для ручного монтажа;59
винтовые сваи для теплицы купить;59
винтовые сваи в сочи цена и установка;59
винтовые сваи павловский посад;59
переходник для мотобура для винтовых свай;59
какую нагрузку выдерживает винтовая свая 108;59
сварка оголовков винтовых свай;59
винтовые сваи талдом;59
винтовые сваи в тосно;59
насадка на перфоратор для закручивания винтовых свай;59
винтовые сваи всл;59
чем обработать винтовые сваи от коррозии;59
размеры винтовых свай для забора;59
монтаж винтовых свай челябинск;59
шаг между винтовыми сваями;59
утепление цоколя дома на винтовых сваях;59
установка для закручивания винтовых свай купить;59
дом на винтовых сваях сделать отмостку;59
какие сваи лучше винтовые или бетонные забивные;59
брусовой дом на винтовых сваях;58
брусовый дом на винтовых сваях;58
ручная установка винтовых свай;58
винтовые сваи ижевск цены с установкой;58
как заменить винтовую сваю;58
тула винтовые сваи фундамент;58
винтовая свая 76 вес;58
гараж на сваях винтовых как сделать;58
цена винтовой сваи 108 2.5;58
винтовые сваи производство завод;58
винтовые сваи гомель;58
является ли капитальным строением на винтовых сваях;58
гост р 59106 2020 сваи стальные винтовые;58
винтовые сваи в выборге;58
адаптер для винтовых свай;58
диаметр винтовых свай для террасы;58
калькулятор винтовых свай для каркасного дома;58
обрешетка цоколя на винтовых сваях;57
свая винтовая 57х1500 цена;57
веранда на винтовых сваях своими руками;57
купить винтовые сваи в пскове;57
винтовые сваи в сыктывкаре цена;57
винтовые сваи сгнили;57
бетонный ростверк на винтовых сваях;57
сваекрут на мотобур для винтовых свай;57
винтовые сваи ржавеют;57
винтовые сваи под дом 6 на 6;57
допустимые отклонения винтовых свай;57
винтовые сваи столбчатый фундамент;57
винтовые сваи горячего цинкования;57
винтовые сваи высота над землей;57
монтаж винтовых свай вручную;57
винтовые сваи с монтажом в архангельске;57
сваи винтовые купить в москве дешево;57
винтовые сваи установка дмитров;57
чем засыпать сваи внутри винтовые;57
правила установки винтовых свай;56
винтовая мини свая для теплиц аншнек;56
схема обвязки винтовых свай;56
журнал погружения винтовых свай;56
свая винтовая 89х1500;56
свая винтовая свайбер svu;56
винтовые сваи в королеве;56
винтовые сваи под печь в бане;56
как обшить цоколь дома на винтовых сваях;56
бзвс винтовые сваи;56
винтовые сваи в красноярске цена с монтажом;56
купить сваи винтовые в вимосе;56
какие винтовые сваи выбрать для террасы;56
чем закрыть винтовые сваи каркасного дома;56
свая винтовая 45;56
оголовок винтовой сваи гост;56
сваи винтовые купить в новокузнецке цены;56
винтовые сваи под домик;56
мотобур для винтовых свай купить;56
являются ли винтовые сваи капитальным фундаментом;56
считаются ли винтовые сваи фундаментом;56
